{"cameraMode":{"drawMode":0,"name":"Shaded","section":"Shading Mode"},"sceneLighting":false,"audioPlay":false,"sceneViewState":{"m_AlwaysRefresh":false,"showFog":true,"showSkybox":false,"showFlares":true,"showImageEffects":true,"showParticleSystems":true,"showVisualEffectGraphs":true,"m_FxEnabled":true},"in2DMode":false,"pivot":{"x":2.668975353240967,"y":2.3710196018218996,"z":-13.005574226379395},"rotation":{"x":-0.011882152408361435,"y":-0.9841662049293518,"z":0.07878929376602173,"w":-0.15448467433452607},"size":16.52733612060547,"orthographic":false}