{"cameraMode":{"drawMode":0,"name":"Shaded","section":"Shading Mode"},"sceneLighting":false,"audioPlay":false,"sceneViewState":{"m_AlwaysRefresh":false,"showFog":true,"showSkybox":false,"showFlares":true,"showImageEffects":true,"showParticleSystems":true,"showVisualEffectGraphs":true,"m_FxEnabled":true},"in2DMode":false,"pivot":{"x":19.201160430908204,"y":5.197382926940918,"z":24.341964721679689},"rotation":{"x":-0.0012409226037561894,"y":-0.9848757386207581,"z":0.16889816522598267,"w":-0.01708412915468216},"size":9.0073881149292,"orthographic":false}