{"cameraMode":{"drawMode":0,"name":"Shaded","section":"Shading Mode"},"sceneLighting":false,"audioPlay":false,"sceneViewState":{"m_AlwaysRefresh":false,"showFog":true,"showSkybox":false,"showFlares":true,"showImageEffects":true,"showParticleSystems":true,"showVisualEffectGraphs":true,"m_FxEnabled":true},"in2DMode":false,"pivot":{"x":-1.6912015676498414,"y":-2.3911960124969484,"z":-2.755558490753174},"rotation":{"x":0.4880716800689697,"y":-0.029177287593483926,"z":0.016031663864850999,"w":0.8719009757041931},"size":3.5364856719970705,"orthographic":false}