{"cameraMode":{"drawMode":0,"name":"Shaded","section":"Shading Mode"},"sceneLighting":true,"audioPlay":false,"sceneViewState":{"m_AlwaysRefresh":false,"showFog":true,"showSkybox":false,"showFlares":true,"showImageEffects":true,"showParticleSystems":true,"showVisualEffectGraphs":true,"m_FxEnabled":true},"in2DMode":false,"pivot":{"x":-4.961275100708008,"y":0.07125824689865112,"z":14.302766799926758},"rotation":{"x":0.11374203860759735,"y":-0.4055667221546173,"z":0.05048678070306778,"w":0.9051767587661743},"size":0.29362910985946658,"orthographic":false}