{"cameraMode":{"drawMode":0,"name":"Shaded","section":"Shading Mode"},"sceneLighting":false,"audioPlay":false,"sceneViewState":{"m_AlwaysRefresh":false,"showFog":true,"showSkybox":false,"showFlares":true,"showImageEffects":true,"showParticleSystems":true,"showVisualEffectGraphs":true,"m_FxEnabled":true},"in2DMode":false,"pivot":{"x":-0.3556613028049469,"y":0.037355780601501468,"z":0.8301512002944946},"rotation":{"x":0.12005697190761566,"y":-0.6618128418922424,"z":0.10809296369552612,"w":0.7315982580184937},"size":0.3019724488258362,"orthographic":false}