{"cameraMode":{"drawMode":0,"name":"Shaded","section":"Shading Mode"},"sceneLighting":false,"audioPlay":false,"sceneViewState":{"m_AlwaysRefresh":false,"showFog":true,"showSkybox":false,"showFlares":true,"showImageEffects":true,"showParticleSystems":true,"showVisualEffectGraphs":true,"m_FxEnabled":true},"in2DMode":false,"pivot":{"x":-4.600726127624512,"y":0.08803284913301468,"z":13.566300392150879},"rotation":{"x":-0.009986155666410923,"y":-0.7008169293403626,"z":-0.006511040031909943,"w":0.7118619084358215},"size":0.241629496216774,"orthographic":false}